id,restaurant_id,name,description,price,image_url,badges,category,origin,is_active,is_featured,sort_order,created_at,updated_at
356,56454d8d-7cbf-45ed-b324-201a5228d69d,Aguachile Negro,"Camarones frescos encurtidos en jugo de limón, marinados en una salsa a base de chiles asados, pepino, cebolla y aguacate. (300 g)",195.00,,"[""Para picar""]",mariscos,,true,false,0,2026-02-10 00:26:02.514584+00,2026-02-10 00:26:02.514584+00
359,56454d8d-7cbf-45ed-b324-201a5228d69d,Camarones Cucaracha,"Camarones fritos a punto de chicharrón, salteados con chile de árbol, limón, perejil, mantequilla y soya. (250 g)",195.00,,"[""Para picar""]",mariscos,,true,false,0,2026-02-10 00:26:02.514584+00,2026-02-10 00:26:02.514584+00
360,56454d8d-7cbf-45ed-b324-201a5228d69d,Choriqueso,"Longaniza especial de San José de Gracia, mezcla de quesos fundidos: gouda y fresco. (300 g)",155.00,,"[""Para picar""]",mariscos,,true,false,0,2026-02-10 00:26:02.514584+00,2026-02-10 00:26:02.514584+00
362,56454d8d-7cbf-45ed-b324-201a5228d69d,Croquetas de Choriqueso,"Croquetas suaves, rellenas de longaniza de San José de Gracia, mix de quesos y empanizadas al estilo casero. (350 g)",140.00,,"[""Para picar""]",mariscos,,true,false,0,2026-02-10 00:26:02.514584+00,2026-02-10 00:26:02.514584+00
361,56454d8d-7cbf-45ed-b324-201a5228d69d,Frijoles Cristeros,"Frijoles refritos con longaniza especial de San José de Gracia, acompañados de queso fresco, chicharrón y totopos. (270 g)",140.00,,"[""Para picar""]",mariscos,,true,false,0,2026-02-10 00:26:02.514584+00,2026-02-10 00:26:02.514584+00
358,56454d8d-7cbf-45ed-b324-201a5228d69d,Salmón Crujiente,"Láminas de salmón, llevadas a punto de chicharrón, y calabazas en tempura, salteadas en una salsa de soya y cítricos, rodajas de chile serrano y cilantro. (250 g)",195.00,,"[""Para picar""]",mariscos,,true,false,0,2026-02-10 00:26:02.514584+00,2026-02-10 00:26:02.514584+00
357,56454d8d-7cbf-45ed-b324-201a5228d69d,Sashimi de Atún Fresco,"Láminas de atún fresco marinadas en salsa de soya y cítricos, chips de camote, julianas de rábano, láminas de aguacate y aderezo de habanero. (250 g)",220.00,,"[""Para picar""]",mariscos,,true,false,0,2026-02-10 00:26:02.514584+00,2026-02-10 00:26:02.514584+00
363,56454d8d-7cbf-45ed-b324-201a5228d69d,Torre de Mariscos,"Torre de mariscos con pulpo, atún, camarón cocido, piña asada y aguacate, bañada con una salsa negra hecha en casa. (330 g)",345.00,,"[""Para picar""]",mariscos,,true,false,0,2026-02-10 00:26:02.514584+00,2026-02-10 00:26:02.514584+00
16,050671c2-f1e0-4455-b1cc-ed0774a3e0f4,De Camarón,"Camarón curtido con limón, con salsa a base de chile serrano o chile de árbol acompañado de pepino, cebolla morada, cilantro y aguacate. (200 g.)",235.00,product-1770655068529-d1qxjtj-aguachilecamaron.webp,"[""Aguachiles""]",aguachiles,,true,false,0,2026-02-09 16:37:50.330449+00,2026-02-09 18:36:35.959501+00
18,050671c2-f1e0-4455-b1cc-ed0774a3e0f4,Salsas Negras,"Camarón crudo curtido con limón y sal de grano, bañado en nuestra receta de salsas negras, servido con pepino, cebolla morada y aguacate. (200 g.)",235.00,product-1770657723765-gopi1ff-aguachile-negro-foto-principal.jpg,"[""Aguachiles""]",aguachiles,,true,false,0,2026-02-09 16:46:00+00,2026-02-09 18:37:28.568942+00
17,050671c2-f1e0-4455-b1cc-ed0774a3e0f4,Tatemado,"Pulpo y camarón curtido en salsa tatemada a base de tomate y chile de árbol, acompañada de pepino, cebolla morada y aguacate.",400.00,product-1770657705830-xpz5xfz-aguachile-tatemado.jpg,"[""Aguachiles""]",aguachiles,,true,false,0,2026-02-09 16:37:51.330449+00,2026-02-09 18:37:04.387382+00
227,050671c2-f1e0-4455-b1cc-ed0774a3e0f4,Hierbabuena,Agua fresca natural de hierbabuena. 500 ml.,48.00,product-1770679194477-g5d0k8y-aguadehierbabuena.jpg,"[""Aguas Frescas""]",aguas frescas,,true,false,48,2026-02-09 22:27:20.980426+00,2026-02-09 23:26:16.876109+00
226,050671c2-f1e0-4455-b1cc-ed0774a3e0f4,Horchata,Agua de horchata tradicional. 500 ml.,48.00,product-1770679169077-5fspem7-Agua-de-Horchata.jpg,"[""Aguas Frescas""]",aguas frescas,,true,false,47,2026-02-09 22:27:20.980426+00,2026-02-09 23:26:20.089475+00
222,050671c2-f1e0-4455-b1cc-ed0774a3e0f4,Horchata Fresa,Agua de horchata con fresa. 500 ml.,48.00,product-1770679093309-wd3vs71-horchatafresa.webp,"[""Aguas Frescas""]",aguas frescas,,true,false,43,2026-02-09 22:27:20.980426+00,2026-02-09 23:26:32.813896+00
223,050671c2-f1e0-4455-b1cc-ed0774a3e0f4,Lima,Agua fresca natural de lima. 500 ml.,48.00,product-1770679108276-23yxyfb-aguadelima.jpg,"[""Aguas Frescas""]",aguas frescas,,true,false,44,2026-02-09 22:27:20.980426+00,2026-02-09 23:26:44.89366+00
219,050671c2-f1e0-4455-b1cc-ed0774a3e0f4,Limonada,Agua fresca natural de limón. 500 ml.,48.00,product-1770678276888-x0f7o49-limonada.jpg,"[""Aguas Frescas""]",aguas frescas,,true,false,40,2026-02-09 22:27:20.980426+00,2026-02-09 23:28:00.79919+00
220,050671c2-f1e0-4455-b1cc-ed0774a3e0f4,Limonada Fresa,Agua fresca de limón con fresa. 500 ml.,48.00,product-1770678406949-i79krr2-limonada-de-fresas-1611.gif,"[""Aguas Frescas""]",aguas frescas,,true,false,41,2026-02-09 22:27:20.980426+00,2026-02-09 23:27:37.182209+00
225,050671c2-f1e0-4455-b1cc-ed0774a3e0f4,Maracuyá - Hierbabuena,Agua fresca de maracuyá con hierbabuena. 500 ml.,48.00,product-1770679145294-0k3jokv-maracuyahierbabuena.jpg,"[""Aguas Frescas""]",aguas frescas,,true,false,46,2026-02-09 22:27:20.980426+00,2026-02-09 23:27:43.764836+00
221,050671c2-f1e0-4455-b1cc-ed0774a3e0f4,Naranjada,Agua fresca natural de naranja. 500 ml.,48.00,product-1770678648929-izt782t-naranjada.jpg,"[""Aguas Frescas""]",aguas frescas,,true,false,42,2026-02-09 22:27:20.980426+00,2026-02-09 23:27:50.660227+00
228,050671c2-f1e0-4455-b1cc-ed0774a3e0f4,Pepino,Agua fresca natural de pepino. 500 ml.,48.00,product-1770679207101-nl8mike-agua-de-pepino.jpg,"[""Aguas Frescas""]",aguas frescas,,true,false,49,2026-02-09 22:27:20.980426+00,2026-02-09 23:28:06.862867+00
224,050671c2-f1e0-4455-b1cc-ed0774a3e0f4,Piña - Hierbabuena,Agua fresca de piña con hierbabuena. 500 ml.,48.00,product-1770679119622-nrxomag-agua-de-pina-con-hierbabuena.png,"[""Aguas Frescas""]",aguas frescas,,true,false,45,2026-02-09 22:27:20.980426+00,2026-02-09 23:27:55.331241+00
213,050671c2-f1e0-4455-b1cc-ed0774a3e0f4,Agua Natural,Agua natural. 600 ml.,35.00,,"[""Bebidas""]",bebidas,,true,false,28,2026-02-09 22:24:40.993352+00,2026-02-09 22:24:40.993352+00
211,050671c2-f1e0-4455-b1cc-ed0774a3e0f4,Coca Cola / Coca Light / Coca Cola Zero,Refresco. 355 ml.,48.00,,"[""Bebidas""]",bebidas,,true,false,26,2026-02-09 22:24:40.993352+00,2026-02-09 22:24:40.993352+00
215,050671c2-f1e0-4455-b1cc-ed0774a3e0f4,Peñafiel,Agua mineral. 355 ml.,48.00,,"[""Bebidas""]",bebidas,,true,false,30,2026-02-09 22:25:13.473181+00,2026-02-09 22:25:13.473181+00
217,050671c2-f1e0-4455-b1cc-ed0774a3e0f4,Perrier,Agua mineral. 355 ml.,65.00,,"[""Bebidas""]",bebidas,,true,false,32,2026-02-09 22:25:13.473181+00,2026-02-09 22:25:13.473181+00
214,050671c2-f1e0-4455-b1cc-ed0774a3e0f4,Rusa,Bebida preparada. 340 ml.,53.00,,"[""Bebidas""]",bebidas,,true,false,29,2026-02-09 22:24:40.993352+00,2026-02-09 22:24:40.993352+00
212,050671c2-f1e0-4455-b1cc-ed0774a3e0f4,Sprite / Fanta / Fresca / Mundet / Squirt,Refresco. 355 ml.,48.00,,"[""Bebidas""]",bebidas,,true,false,27,2026-02-09 22:24:40.993352+00,2026-02-09 22:24:40.993352+00
218,050671c2-f1e0-4455-b1cc-ed0774a3e0f4,Tónica,Agua tónica. 355 ml.,48.00,,"[""Bebidas""]",bebidas,,true,false,33,2026-02-09 22:25:13.473181+00,2026-02-09 22:25:13.473181+00
216,050671c2-f1e0-4455-b1cc-ed0774a3e0f4,Topochico,Agua mineral. 355 ml.,48.00,,"[""Bebidas""]",bebidas,,true,false,31,2026-02-09 22:25:13.473181+00,2026-02-09 22:25:13.473181+00
339,050671c2-f1e0-4455-b1cc-ed0774a3e0f4,Torres 10 700 ml.,Brandy Torres 10.,110.00,,"[""Brandy""]",bebidas,,true,false,159,2026-02-09 22:55:42.455249+00,2026-02-09 22:55:42.455249+00
338,050671c2-f1e0-4455-b1cc-ed0774a3e0f4,Torres 15 700 ml.,Brandy Torres 15.,160.00,,"[""Brandy""]",bebidas,,true,false,158,2026-02-09 22:55:42.455249+00,2026-02-09 22:55:42.455249+00
138,050671c2-f1e0-4455-b1cc-ed0774a3e0f4,Americano,180 ml · Nespresso,48.00,,"[""Cafe""]",cafe,,true,false,0,2026-02-09 19:25:00.831993+00,2026-02-09 19:25:00.831993+00
140,050671c2-f1e0-4455-b1cc-ed0774a3e0f4,Capuchino,"180 ml · Nespresso · Sabores: napolitano, baileys, vainilla",60.00,,"[""Cafe""]",cafe,,true,false,2,2026-02-09 19:25:00.831993+00,2026-02-09 19:25:00.831993+00
139,050671c2-f1e0-4455-b1cc-ed0774a3e0f4,Espresso,60 ml · Nespresso,48.00,,"[""Cafe""]",cafe,,true,false,1,2026-02-09 19:25:00.831993+00,2026-02-09 19:25:00.831993+00
141,050671c2-f1e0-4455-b1cc-ed0774a3e0f4,Frappuccino,180 ml · Nespresso,70.00,,"[""Cafe""]",cafe,,true,false,3,2026-02-09 19:25:00.831993+00,2026-02-09 19:25:00.831993+00
142,050671c2-f1e0-4455-b1cc-ed0774a3e0f4,Té,Hierbabuena / Manzanilla,35.00,,"[""Cafe""]",cafe,,true,false,4,2026-02-09 19:25:00.831993+00,2026-02-09 19:25:00.831993+00
46,050671c2-f1e0-4455-b1cc-ed0774a3e0f4,Camarones al Gusto,"Mantequilla, mojo de ajo, ajillo y plancha. (200 g.)",255.00,product-camarones-gusto.webp,"[""Camarones""]",{camarones},,true,false,1,2026-02-09 18:41:10.072997+00,2026-02-09 18:43:04.724304+00
48,050671c2-f1e0-4455-b1cc-ed0774a3e0f4,Diabla,Camarones salteados con salsa diabla de la casa. (200 g.),255.00,product-camarones-diabla.webp,"[""Camarones""]",{camarones},,true,false,3,2026-02-09 18:41:10.072997+00,2026-02-09 18:43:11.395949+00
47,050671c2-f1e0-4455-b1cc-ed0774a3e0f4,Empanizados,Camarones con crujiente empanizado. (200 g.),255.00,product-camarones-empanizados.webp,"[""Camarones""]",{camarones},,true,false,2,2026-02-09 18:41:10.072997+00,2026-02-09 18:43:07.942051+00
51,050671c2-f1e0-4455-b1cc-ed0774a3e0f4,Enchipotlados,Camarones a base de queso crema y chipotle. (200 g.),270.00,product-camarones-chipotle.webp,"[""Camarones""]",{camarones},,true,false,6,2026-02-09 18:41:10.072997+00,2026-02-09 18:43:29.878648+00
45,050671c2-f1e0-4455-b1cc-ed0774a3e0f4,Mixtos,Combinación de camarones a tu gusto.,290.00,product-camarones-mixtos.webp,"[""Camarones""]",{camarones},,true,false,0,2026-02-09 18:41:10.072997+00,2026-02-09 18:42:51.949255+00
49,050671c2-f1e0-4455-b1cc-ed0774a3e0f4,Momia,"Camarones envueltos en tocino, rellenos de queso blanco. (200 g.)",270.00,product-camarones-momia.webp,"[""Camarones""]",{camarones},,true,false,4,2026-02-09 18:41:10.072997+00,2026-02-09 18:43:14.13836+00
52,050671c2-f1e0-4455-b1cc-ed0774a3e0f4,Roca,"Camarones capeados en tempura, bañados con aderezo thai y adornados con cebollín. (220 g.)",270.00,product-camarones-roca.webp,"[""Camarones""]",{camarones},,true,false,7,2026-02-09 18:41:10.072997+00,2026-02-09 18:43:32.925473+00
50,050671c2-f1e0-4455-b1cc-ed0774a3e0f4,Tamarindo,Bañados en salsa de tamarindo con toque de chile de árbol. (200 g.),270.00,product-camarones-tamarindo.webp,"[""Camarones""]",{camarones},,true,false,5,2026-02-09 18:41:10.072997+00,2026-02-09 18:43:26.991505+00
233,050671c2-f1e0-4455-b1cc-ed0774a3e0f4,Corona,Cerveza clara.,58.00,,"[""Cervezas""]",bebidas,,true,false,60,2026-02-09 22:32:06.265118+00,2026-02-09 22:32:06.265118+00
234,050671c2-f1e0-4455-b1cc-ed0774a3e0f4,Corona Ámbar,Cerveza ámbar.,58.00,,"[""Cervezas""]",bebidas,,true,false,61,2026-02-09 22:32:06.265118+00,2026-02-09 22:32:06.265118+00
235,050671c2-f1e0-4455-b1cc-ed0774a3e0f4,Corona Light,Cerveza clara baja en calorías.,58.00,,"[""Cervezas""]",bebidas,,true,false,62,2026-02-09 22:32:06.265118+00,2026-02-09 22:32:06.265118+00
236,050671c2-f1e0-4455-b1cc-ed0774a3e0f4,Corona Zero,Cerveza sin alcohol.,58.00,,"[""Cervezas""]",bebidas,,true,false,63,2026-02-09 22:32:06.265118+00,2026-02-09 22:32:06.265118+00
239,050671c2-f1e0-4455-b1cc-ed0774a3e0f4,Estrella,Cerveza clara.,58.00,,"[""Cervezas""]",bebidas,,true,false,66,2026-02-09 22:32:06.265118+00,2026-02-09 22:32:06.265118+00
243,050671c2-f1e0-4455-b1cc-ed0774a3e0f4,Michelob Ultra,Cerveza lager ultra light.,70.00,,"[""Cervezas""]",bebidas,,true,false,70,2026-02-09 22:32:06.265118+00,2026-02-09 22:32:06.265118+00
245,050671c2-f1e0-4455-b1cc-ed0774a3e0f4,Minerva Pale Ale,Cerveza artesanal tipo pale ale.,105.00,,"[""Cervezas""]",bebidas,,true,false,72,2026-02-09 22:32:06.265118+00,2026-02-09 22:32:06.265118+00
244,050671c2-f1e0-4455-b1cc-ed0774a3e0f4,Minerva Stout,Cerveza artesanal tipo stout.,105.00,,"[""Cervezas""]",bebidas,,true,false,71,2026-02-09 22:32:06.265118+00,2026-02-09 22:32:06.265118+00
238,050671c2-f1e0-4455-b1cc-ed0774a3e0f4,Modelo Especial,Cerveza clara tipo lager.,58.00,,"[""Cervezas""]",bebidas,,true,false,65,2026-02-09 22:32:06.265118+00,2026-02-09 22:32:06.265118+00
237,050671c2-f1e0-4455-b1cc-ed0774a3e0f4,Negra Modelo,Cerveza oscura.,58.00,,"[""Cervezas""]",bebidas,,true,false,64,2026-02-09 22:32:06.265118+00,2026-02-09 22:32:06.265118+00
240,050671c2-f1e0-4455-b1cc-ed0774a3e0f4,Pacífico,Cerveza clara estilo pilsner.,58.00,,"[""Cervezas""]",bebidas,,true,false,67,2026-02-09 22:32:06.265118+00,2026-02-09 22:32:06.265118+00
242,050671c2-f1e0-4455-b1cc-ed0774a3e0f4,Stella Artois,Cerveza lager premium.,70.00,,"[""Cervezas""]",bebidas,,true,false,69,2026-02-09 22:32:06.265118+00,2026-02-09 22:32:06.265118+00
241,050671c2-f1e0-4455-b1cc-ed0774a3e0f4,Victoria,Cerveza ámbar.,58.00,,"[""Cervezas""]",bebidas,,true,false,68,2026-02-09 22:32:06.265118+00,2026-02-09 22:32:06.265118+00
15,050671c2-f1e0-4455-b1cc-ed0774a3e0f4,Camarón,"Camarón servido con caldo, acompañado de jitomate, pepino, cebolla y aguacate. (250 g.)",235.00,product-1770422800647-mzunwfa-coctel-de-camaron.jpg,"[""Cocteles""]",Cocteles,,true,false,0,2026-02-07 00:06:42.060858+00,2026-02-09 18:35:01.546507+00
20,050671c2-f1e0-4455-b1cc-ed0774a3e0f4,Mixto,"Camarón y pulpo servido con caldo de camarón, acompañado de jitomate, pepino, cebolla y aguacate. (250 g.)",345.00,product-1770422967541-hi7q7uc-coctelmixto.jpg,"[""Cocteles""]",Cocteles,,true,false,0,2026-02-07 00:09:28.626277+00,2026-02-07 00:09:28.626277+00
19,050671c2-f1e0-4455-b1cc-ed0774a3e0f4,Pulpo,"Pulpo servido con caldo de camarón, acompañado de jitomate, pepino, cebolla y aguacate. (250 g.)",440.00,product-1770422853237-d0p4u7s-coctel-pulpo.jpg,"[""Cocteles""]",Cocteles,,true,false,0,2026-02-07 00:07:33.984659+00,2026-02-07 00:08:11.595586+00
335,050671c2-f1e0-4455-b1cc-ed0774a3e0f4,Hennessy VS 700 ml.,Cognac Hennessy VS.,210.00,,"[""Cognac""]",bebidas,,true,false,155,2026-02-09 22:55:33.342379+00,2026-02-09 22:55:33.342379+00
334,050671c2-f1e0-4455-b1cc-ed0774a3e0f4,Hennessy VSOP 700 ml.,Cognac Hennessy VSOP.,305.00,,"[""Cognac""]",bebidas,,true,false,154,2026-02-09 22:55:33.342379+00,2026-02-09 22:55:33.342379+00
333,050671c2-f1e0-4455-b1cc-ed0774a3e0f4,Hennessy XO 700 ml.,Cognac Hennessy XO.,1500.00,,"[""Cognac""]",bebidas,,true,false,153,2026-02-09 22:55:33.342379+00,2026-02-09 22:55:33.342379+00
337,050671c2-f1e0-4455-b1cc-ed0774a3e0f4,Martell VS 700 ml.,Cognac Martell VS.,200.00,,"[""Cognac""]",bebidas,,true,false,157,2026-02-09 22:55:33.342379+00,2026-02-09 22:55:33.342379+00
336,050671c2-f1e0-4455-b1cc-ed0774a3e0f4,Martell VSOP 700 ml.,Cognac Martell VSOP.,240.00,,"[""Cognac""]",bebidas,,true,false,156,2026-02-09 22:55:33.342379+00,2026-02-09 22:55:33.342379+00
62,050671c2-f1e0-4455-b1cc-ed0774a3e0f4,Arrachera Angus,Arrachera Angus certificada. 500 g.,580.00,,"[""Cortes""]",cortes,,true,false,0,2026-02-09 18:56:17.169439+00,2026-02-09 18:59:53.911292+00
65,050671c2-f1e0-4455-b1cc-ed0774a3e0f4,Arrachera Nacional,Arrachera nacional. 400 g.,290.00,,"[""Cortes""]",cortes,,true,false,3,2026-02-09 18:56:17.169439+00,2026-02-09 19:00:02.222618+00
67,050671c2-f1e0-4455-b1cc-ed0774a3e0f4,Fajitas Arrachera,"Arrachera en fajitas, preparadas con pimientos, cebolla y champiñón, acompañadas de frijoles, guacamole y arroz. (220 g.)",280.00,,"[""Cortes""]",cortes,,true,false,5,2026-02-09 18:56:17.169439+00,2026-02-09 19:00:07.572736+00
68,050671c2-f1e0-4455-b1cc-ed0774a3e0f4,Fajitas Pollo,"Pollo en fajitas, preparadas con pimientos, cebolla y champiñón, acompañado de frijoles, guacamole y arroz. (220 g.)",205.00,,"[""Cortes""]",cortes,,true,false,6,2026-02-09 18:56:17.169439+00,2026-02-09 19:00:10.750369+00
66,050671c2-f1e0-4455-b1cc-ed0774a3e0f4,Hamburguesa de Res Premium,"Hamburguesa a la parrilla, montada con morrón asado, queso, tocino, cebolla caramelizada, chile güero y un aderezo de casa, acompañada con papas fritas y parmesano. (200 g.)",230.00,,"[""Cortes""]",cortes,,true,false,4,2026-02-09 18:56:17.169439+00,2026-02-09 19:00:04.928403+00
64,050671c2-f1e0-4455-b1cc-ed0774a3e0f4,Rib-Eye,Rib-eye. 500 g.,400.00,,"[""Cortes""]",cortes,,true,true,2,2026-02-09 18:56:17.169439+00,2026-02-09 18:59:59.260454+00
63,050671c2-f1e0-4455-b1cc-ed0774a3e0f4,Vacío,Corte vacío. 500 g.,510.00,,"[""Cortes""]",cortes,,true,false,1,2026-02-09 18:56:17.169439+00,2026-02-09 18:59:56.468747+00
147,050671c2-f1e0-4455-b1cc-ed0774a3e0f4,Baileys,Copeo 60 ml,120.00,,"[""Digestivos""]",digestivos,,true,false,4,2026-02-09 19:25:00.831993+00,2026-02-09 19:25:00.831993+00
153,050671c2-f1e0-4455-b1cc-ed0774a3e0f4,Baileys Botella,700 ml · Incluye 5 mezcladores,1200.00,,"[""Digestivos""]",digestivos,,true,false,21,2026-02-09 19:25:00.831993+00,2026-02-09 19:25:00.831993+00
145,050671c2-f1e0-4455-b1cc-ed0774a3e0f4,Carajilla,Baileys · Copeo 60 ml,145.00,,"[""Digestivos""]",digestivos,,true,false,2,2026-02-09 19:25:00.831993+00,2026-02-09 19:25:00.831993+00
143,050671c2-f1e0-4455-b1cc-ed0774a3e0f4,Carajillo,Licor 43 · Copeo 60 ml,145.00,product-1770682190485-tgjx92a-carajillo.jpg,"[""Digestivos""]",digestivos,,true,true,0,2026-02-09 19:25:00.831993+00,2026-02-10 00:10:21.283303+00
151,050671c2-f1e0-4455-b1cc-ed0774a3e0f4,Chinchón Dulce,Copeo 60 ml,95.00,,"[""Digestivos""]",digestivos,,true,false,8,2026-02-09 19:25:00.831993+00,2026-02-09 19:25:00.831993+00
157,050671c2-f1e0-4455-b1cc-ed0774a3e0f4,Chinchón Dulce Botella,1000 ml · Incluye 5 mezcladores,950.00,,"[""Digestivos""]",digestivos,,true,false,25,2026-02-09 19:25:00.831993+00,2026-02-09 19:25:00.831993+00
150,050671c2-f1e0-4455-b1cc-ed0774a3e0f4,Chinchón Seco,Copeo 60 ml,95.00,,"[""Digestivos""]",digestivos,,true,false,7,2026-02-09 19:25:00.831993+00,2026-02-09 19:25:00.831993+00
156,050671c2-f1e0-4455-b1cc-ed0774a3e0f4,Chinchón Seco Botella,1000 ml · Incluye 5 mezcladores,950.00,,"[""Digestivos""]",digestivos,,true,false,24,2026-02-09 19:25:00.831993+00,2026-02-09 19:25:00.831993+00
144,050671c2-f1e0-4455-b1cc-ed0774a3e0f4,Coketillo,Carajillo con paleta de Chocomilk · Copeo 60 ml,160.00,,"[""Digestivos""]",digestivos,,true,true,1,2026-02-09 19:25:00.831993+00,2026-02-09 19:25:00.831993+00
148,050671c2-f1e0-4455-b1cc-ed0774a3e0f4,Frangelico,Copeo 60 ml,120.00,,"[""Digestivos""]",digestivos,,true,false,5,2026-02-09 19:25:00.831993+00,2026-02-09 19:25:00.831993+00
154,050671c2-f1e0-4455-b1cc-ed0774a3e0f4,Frangelico Botella,700 ml · Incluye 5 mezcladores,1200.00,,"[""Digestivos""]",digestivos,,true,false,22,2026-02-09 19:25:00.831993+00,2026-02-09 19:25:00.831993+00
146,050671c2-f1e0-4455-b1cc-ed0774a3e0f4,Licor 43,Copeo 60 ml,140.00,,"[""Digestivos""]",digestivos,,true,false,3,2026-02-09 19:25:00.831993+00,2026-02-09 19:25:00.831993+00
152,050671c2-f1e0-4455-b1cc-ed0774a3e0f4,Licor 43 Botella,700 ml · Incluye 5 mezcladores,1400.00,,"[""Digestivos""]",digestivos,,true,false,20,2026-02-09 19:25:00.831993+00,2026-02-09 19:25:00.831993+00
149,050671c2-f1e0-4455-b1cc-ed0774a3e0f4,Sambuca,Copeo 60 ml,100.00,,"[""Digestivos""]",digestivos,,true,false,6,2026-02-09 19:25:00.831993+00,2026-02-09 19:25:00.831993+00
155,050671c2-f1e0-4455-b1cc-ed0774a3e0f4,Sambuca Botella,700 ml · Incluye 5 mezcladores,1000.00,,"[""Digestivos""]",digestivos,,true,false,23,2026-02-09 19:25:00.831993+00,2026-02-09 19:25:00.831993+00
230,050671c2-f1e0-4455-b1cc-ed0774a3e0f4,Red Bull,Bebida energética. 250 ml.,100.00,product-1770679398579-liuzmrh-redbull.jpg,"[""Energetizantes""]",energetizantes,,true,false,51,2026-02-09 22:29:19.33487+00,2026-02-09 23:28:20.419403+00
232,050671c2-f1e0-4455-b1cc-ed0774a3e0f4,Red Bull Sandía,Bebida energética sabor sandía. 250 ml.,100.00,product-1770679430570-748yy4s-redbullsandia.jpg,"[""Energetizantes""]",energetizantes,,true,false,53,2026-02-09 22:29:19.33487+00,2026-02-09 23:28:25.889792+00
231,050671c2-f1e0-4455-b1cc-ed0774a3e0f4,Red Bull Tropical,Bebida energética sabor tropical. 250 ml.,100.00,product-1770679413471-n7htk46-redbuilltropical.webp,"[""Energetizantes""]",energetizantes,,true,false,52,2026-02-09 22:29:19.33487+00,2026-02-09 23:28:33.131363+00
79,050671c2-f1e0-4455-b1cc-ed0774a3e0f4,César con Pollo,Clásica ensalada césar con parmesano fresco y pollo a la parrilla. (200 g.).,200.00,,"[""Ensaladas""]",ensaladas,,true,false,1,2026-02-09 19:10:30.536428+00,2026-02-09 19:10:30.536428+00
78,050671c2-f1e0-4455-b1cc-ed0774a3e0f4,Ensalada César,Clásica ensalada césar con parmesano fresco.,140.00,,"[""Ensaladas""]",ensaladas,,true,false,0,2026-02-09 19:10:30.536428+00,2026-02-09 19:10:30.536428+00
80,050671c2-f1e0-4455-b1cc-ed0774a3e0f4,Ensalada de Salmón Zarandeado,"Salmón zarandeado montado sobre lechugas y vegetales mixtos, con aguacate, pimiento morrón y vinagreta de soya y dijon. (300 g.).",370.00,,"[""Ensaladas""]",ensaladas,,true,false,2,2026-02-09 19:10:30.536428+00,2026-02-09 19:10:30.536428+00
53,050671c2-f1e0-4455-b1cc-ed0774a3e0f4,Kukaracha,"Camarones con cáscara, salteados con un toque de limón, mantequilla y chile de árbol en aceite, acompañado con pepino, naranja y aguacate. (200 g.)",270.00,,"[""Especialidades""]",especialidades,,true,false,0,2026-02-09 18:53:09.135732+00,2026-02-09 18:59:17.510915+00
56,050671c2-f1e0-4455-b1cc-ed0774a3e0f4,Medallón Arriero,"Corona de camarón envuelta en tocino, cocido a la plancha, bañado con salsa arriera, papa cambray, cebolla cambray y chile de árbol, acompañado de arroz. (250 g.)",260.00,,"[""Especialidades""]",especialidades,,true,false,0,2026-02-09 18:54:22.961217+00,2026-02-09 18:59:27.461087+00
247,050671c2-f1e0-4455-b1cc-ed0774a3e0f4,Michelada,Michelada tradicional.,75.00,,"[""Especialidades""]",bebidas,,true,false,74,2026-02-09 22:32:42.61273+00,2026-02-09 22:32:42.61273+00
246,050671c2-f1e0-4455-b1cc-ed0774a3e0f4,Michelada Don K,Michelada especial de la casa.,130.00,,"[""Especialidades""]",bebidas,,true,true,73,2026-02-09 22:32:42.61273+00,2026-02-09 22:32:42.61273+00
61,050671c2-f1e0-4455-b1cc-ed0774a3e0f4,Molcajete Arriero,"Molcajete caliente de camarón, filete de pescado y pulpo bañado en salsa arriera a base de mojo de ajo, paprika y chile de árbol, con elote amarillo, papa y cebolla cambray. (250 g.)",350.00,,"[""Especialidades""]",especialidades,,true,false,0,2026-02-09 18:54:22.961217+00,2026-02-09 18:59:44.08427+00
58,050671c2-f1e0-4455-b1cc-ed0774a3e0f4,Molcajete Mar,"Combinación de mariscos (camarón, pulpo y pescado), acompañados de salsa veracruzana, chile caloro, cebolla cambray, cilantro, nopal, rábano y panela, montado sobre un molcajete caliente. (300 g.)",315.00,,"[""Especialidades""]",especialidades,,true,false,0,2026-02-09 18:54:22.961217+00,2026-02-09 18:59:34.529351+00
60,050671c2-f1e0-4455-b1cc-ed0774a3e0f4,Molcajete Mar y Tierra,"Combinación de arrachera y camarón, acompañados de salsa veracruzana, chile caloro, cebolla cambray, cilantro, nopal, rábano y panela, montado sobre un molcajete caliente. (300 g.)",295.00,,"[""Especialidades""]",especialidades,,true,false,0,2026-02-09 18:54:22.961217+00,2026-02-09 18:59:40.359577+00
59,050671c2-f1e0-4455-b1cc-ed0774a3e0f4,Molcajete Tierra,"Arrachera, sirloin y chorizo sobre salsa veracruzana, acompañados de panela, rábano, nopal y chiles güeros, montado sobre un molcajete caliente. (400 g.)",295.00,,"[""Especialidades""]",especialidades,,true,false,0,2026-02-09 18:54:22.961217+00,2026-02-09 18:59:37.101291+00
55,050671c2-f1e0-4455-b1cc-ed0774a3e0f4,Piña Don K,"Piña rellena de camarón, pulpo y pescado, salteados con pimiento morrón, cebolla y champiñones, bañada en salsa bisquet y gratinada con queso blanco. (300 g.)",420.00,,"[""Especialidades""]",especialidades,,true,false,0,2026-02-09 18:53:34.117853+00,2026-02-09 18:59:24.447759+00
57,050671c2-f1e0-4455-b1cc-ed0774a3e0f4,Pulpo al Gusto,"Diabla, mantequilla, mojo de ajo o ajillo. (500 g.)",470.00,,"[""Especialidades""]",especialidades,,true,false,0,2026-02-09 18:54:22.961217+00,2026-02-09 18:59:31.800266+00
248,050671c2-f1e0-4455-b1cc-ed0774a3e0f4,Rusa con Cerveza,Rusa preparada con cerveza.,65.00,,"[""Especialidades""]",bebidas,,true,false,75,2026-02-09 22:32:42.61273+00,2026-02-09 22:32:42.61273+00
54,050671c2-f1e0-4455-b1cc-ed0774a3e0f4,Salmón a la Costra,"Salmón cocido a la plancha, coronado con una costra de camarón y bañado con salsa menier. (300 g.)",370.00,,"[""Especialidades""]",especialidades,,true,false,0,2026-02-09 18:53:17.472187+00,2026-02-09 18:59:20.597408+00
249,050671c2-f1e0-4455-b1cc-ed0774a3e0f4,Zanahoria,Bebida preparada a base de zanahoria.,65.00,,"[""Especialidades""]",bebidas,,true,false,76,2026-02-09 22:32:42.61273+00,2026-02-09 22:32:42.61273+00
134,050671c2-f1e0-4455-b1cc-ed0774a3e0f4,Aguacate,,0.00,,"[""Extras""]",extras,,true,false,3,2026-02-09 19:18:21.356011+00,2026-02-09 19:18:21.356011+00
131,050671c2-f1e0-4455-b1cc-ed0774a3e0f4,Arroz Blanco,,0.00,,"[""Extras""]",extras,,true,false,0,2026-02-09 19:18:21.356011+00,2026-02-09 19:18:21.356011+00
136,050671c2-f1e0-4455-b1cc-ed0774a3e0f4,Chiles Toreados,,0.00,,"[""Extras""]",extras,,true,false,5,2026-02-09 19:18:21.356011+00,2026-02-09 19:18:21.356011+00
133,050671c2-f1e0-4455-b1cc-ed0774a3e0f4,Ensalada,,0.00,,"[""Extras""]",extras,,true,false,2,2026-02-09 19:18:21.356011+00,2026-02-09 19:18:21.356011+00
132,050671c2-f1e0-4455-b1cc-ed0774a3e0f4,Extras Papas a la Francesa,,0.00,,"[""Extras""]",extras,,true,false,1,2026-02-09 19:18:21.356011+00,2026-02-09 19:18:21.356011+00
135,050671c2-f1e0-4455-b1cc-ed0774a3e0f4,Guacamole,,0.00,,"[""Extras""]",extras,,true,false,4,2026-02-09 19:18:21.356011+00,2026-02-09 19:18:21.356011+00
137,050671c2-f1e0-4455-b1cc-ed0774a3e0f4,Verduras al Vapor,,0.00,,"[""Extras""]",extras,,true,false,6,2026-02-09 19:18:21.356011+00,2026-02-09 19:18:21.356011+00
317,050671c2-f1e0-4455-b1cc-ed0774a3e0f4,Beefeater London Dry 750 ml.,Ginebra Beefeater London Dry.,130.00,,"[""Ginebra""]",bebidas,,true,false,137,2026-02-09 22:52:46.973111+00,2026-02-09 22:52:46.973111+00
316,050671c2-f1e0-4455-b1cc-ed0774a3e0f4,Bombay Sapphire 750 ml.,Ginebra Bombay Sapphire.,140.00,,"[""Ginebra""]",bebidas,,true,false,136,2026-02-09 22:52:46.973111+00,2026-02-09 22:52:46.973111+00
166,050671c2-f1e0-4455-b1cc-ed0774a3e0f4,Gin de Frutos Rojos,Ginebra Tanqueray. 550 ml.,150.00,,"[""Ginebra""]",cocteleria,,true,false,3,2026-02-09 19:27:48.850023+00,2026-02-09 19:27:48.850023+00
169,050671c2-f1e0-4455-b1cc-ed0774a3e0f4,Gin de Mango,Ginebra Tanqueray. 550 ml.,150.00,,"[""Ginebra""]",cocteleria,,true,false,6,2026-02-09 19:27:48.850023+00,2026-02-09 19:27:48.850023+00
167,050671c2-f1e0-4455-b1cc-ed0774a3e0f4,Gin de Maracuyá,Ginebra Tanqueray. 550 ml.,150.00,,"[""Ginebra""]",cocteleria,,true,false,4,2026-02-09 19:27:48.850023+00,2026-02-09 19:27:48.850023+00
168,050671c2-f1e0-4455-b1cc-ed0774a3e0f4,Gin de Pepino,Ginebra Tanqueray. 550 ml.,150.00,,"[""Ginebra""]",cocteleria,,true,false,5,2026-02-09 19:27:48.850023+00,2026-02-09 19:27:48.850023+00
170,050671c2-f1e0-4455-b1cc-ed0774a3e0f4,Gin de Toronja,Ginebra Tanqueray. 550 ml.,150.00,,"[""Ginebra""]",cocteleria,,true,false,7,2026-02-09 19:27:48.850023+00,2026-02-09 19:27:48.850023+00
315,050671c2-f1e0-4455-b1cc-ed0774a3e0f4,Hendricks 750 ml.,Ginebra Hendricks.,210.00,,"[""Ginebra""]",bebidas,,true,false,135,2026-02-09 22:52:46.973111+00,2026-02-09 22:52:46.973111+00
313,050671c2-f1e0-4455-b1cc-ed0774a3e0f4,Tanqueray Bossa Nova 750 ml.,Ginebra Tanqueray Bossa Nova.,155.00,,"[""Ginebra""]",bebidas,,true,false,133,2026-02-09 22:52:46.973111+00,2026-02-09 22:52:46.973111+00
314,050671c2-f1e0-4455-b1cc-ed0774a3e0f4,Tanqueray London Dry 750 ml.,Ginebra Tanqueray London Dry.,135.00,,"[""Ginebra""]",bebidas,,true,false,134,2026-02-09 22:52:46.973111+00,2026-02-09 22:52:46.973111+00
229,050671c2-f1e0-4455-b1cc-ed0774a3e0f4,Electrolit,"Bebida hidratante. Sabores: Fresa-Kiwi, Mora Azul, Naranja-Mandarina y Guayaba. 625 ml.",60.00,product-1770681647100-unmp742-electrolit.webp,"[""Hidratantes""]",hidratantes,,true,false,50,2026-02-09 22:29:19.33487+00,2026-02-10 00:01:24.764129+00
126,050671c2-f1e0-4455-b1cc-ed0774a3e0f4,Dedos de Queso,,100.00,,"[""Kids""]",kids,,true,false,2,2026-02-09 19:18:21.356011+00,2026-02-09 19:18:21.356011+00
127,050671c2-f1e0-4455-b1cc-ed0774a3e0f4,Hamburguesa de Res,,100.00,,"[""Kids""]",kids,,true,false,3,2026-02-09 19:18:21.356011+00,2026-02-09 19:18:21.356011+00
129,050671c2-f1e0-4455-b1cc-ed0774a3e0f4,Mini Filete,,90.00,,"[""Kids""]",kids,,true,false,5,2026-02-09 19:18:21.356011+00,2026-02-09 19:18:21.356011+00
128,050671c2-f1e0-4455-b1cc-ed0774a3e0f4,Nuggets de Pollo,,90.00,,"[""Kids""]",kids,,true,false,4,2026-02-09 19:18:21.356011+00,2026-02-09 19:18:21.356011+00
130,050671c2-f1e0-4455-b1cc-ed0774a3e0f4,Papas a la Francesa,,90.00,,"[""Kids""]",kids,,true,false,6,2026-02-09 19:18:21.356011+00,2026-02-09 19:18:21.356011+00
124,050671c2-f1e0-4455-b1cc-ed0774a3e0f4,Pizza Hawaiana,,130.00,,"[""Kids""]",kids,,true,false,0,2026-02-09 19:18:21.356011+00,2026-02-09 19:18:21.356011+00
125,050671c2-f1e0-4455-b1cc-ed0774a3e0f4,Pizza Pepperoni,,130.00,,"[""Kids""]",kids,,true,false,1,2026-02-09 19:18:21.356011+00,2026-02-09 19:18:21.356011+00
178,050671c2-f1e0-4455-b1cc-ed0774a3e0f4,Aperol Spritz,Licor Aperol. 450 ml.,150.00,,"[""Licor""]",cocteleria,,true,false,15,2026-02-09 19:27:48.850023+00,2026-02-09 19:27:48.850023+00
179,050671c2-f1e0-4455-b1cc-ed0774a3e0f4,Negroni,Licor Aperol. 550 ml.,130.00,,"[""Licor""]",cocteleria,,true,false,16,2026-02-09 19:27:48.850023+00,2026-02-09 19:27:48.850023+00
347,050671c2-f1e0-4455-b1cc-ed0774a3e0f4,Alambre de Pastor,"Pastor Don K®, combinado con tocino, champiñones, cebolla, pimiento y queso rallado; acompañado de tortillas de harina. (200 g.) *Preparado a la mesa, sujeto a disponibilidad.",200.00,,"[""Menú Nocturno""]",menu_noche,,true,false,167,2026-02-09 22:58:39.285085+00,2026-02-09 23:01:33.698153+00
344,050671c2-f1e0-4455-b1cc-ed0774a3e0f4,Lorenza Arrachera,"Rib Eye en tortilla de maíz deshidratada, preparada con frijoles y queso gratinado, acompañada de cebolla y chile güero.",170.00,,"[""Menú Nocturno""]",menu_noche,,true,false,164,2026-02-09 22:58:39.285085+00,2026-02-09 23:01:23.525172+00
343,050671c2-f1e0-4455-b1cc-ed0774a3e0f4,Lorenza Rib Eye,"Rib Eye en tortilla de maíz deshidratada, preparada con frijoles y queso gratinado, acompañada de cebolla y chile güero.",170.00,,"[""Menú Nocturno""]",menu_noche,,true,false,163,2026-02-09 22:58:39.285085+00,2026-02-09 23:01:20.93151+00
341,050671c2-f1e0-4455-b1cc-ed0774a3e0f4,Papa Rellena Arrachera,"Papa cocida con crema preparada, con arrachera, coronada con costra de queso, acompañada de tostadas fritas y cebolla guisada.",190.00,,"[""Menú Nocturno""]",menu_noche,,true,false,161,2026-02-09 22:58:39.285085+00,2026-02-09 23:01:12.396802+00
342,050671c2-f1e0-4455-b1cc-ed0774a3e0f4,Papa Rellena Camarón,"Papa cocida con crema preparada, con camarón, coronada con costra de queso, acompañada de tostadas fritas y cebolla guisada.",180.00,,"[""Menú Nocturno""]",menu_noche,,true,false,162,2026-02-09 22:58:39.285085+00,2026-02-09 23:01:15.540389+00
340,050671c2-f1e0-4455-b1cc-ed0774a3e0f4,Papa Rellena Pastor,"Papa cocida con crema preparada, con carne de pastor, coronada con costra de queso, acompañada de tostadas fritas y cebolla guisada.",180.00,,"[""Menú Nocturno""]",menu_noche,,true,false,160,2026-02-09 22:58:39.285085+00,2026-02-09 23:01:07.923883+00
346,050671c2-f1e0-4455-b1cc-ed0774a3e0f4,Taco de Arrachera,"Tortilla de maíz con arrachera al carbón, acompañado de guacamole, chile güero y cebollita. (150 g.)",170.00,,"[""Menú Nocturno""]",menu_noche,,true,false,166,2026-02-09 22:58:39.285085+00,2026-02-09 23:01:30.192036+00
345,050671c2-f1e0-4455-b1cc-ed0774a3e0f4,Taco de Rib Eye,"Tortilla de maíz con rib eye al carbón, acompañado de guacamole, chile güero y cebollita. (150 g.)",170.00,,"[""Menú Nocturno""]",menu_noche,,true,false,165,2026-02-09 22:58:39.285085+00,2026-02-09 23:01:30.405495+00
307,050671c2-f1e0-4455-b1cc-ed0774a3e0f4,400 Conejos Joven 750 ml.,Mezcal 400 Conejos Joven.,140.00,,"[""Mezcal""]",bebidas,,true,false,127,2026-02-09 22:52:29.593508+00,2026-02-09 22:52:29.593508+00
172,050671c2-f1e0-4455-b1cc-ed0774a3e0f4,Alma Oscura,Mezcal Unión. 350 ml.,140.00,,"[""Mezcal""]",cocteleria,,true,false,9,2026-02-09 19:27:48.850023+00,2026-02-09 19:27:48.850023+00
173,050671c2-f1e0-4455-b1cc-ed0774a3e0f4,Berry Mezcalita,Mezcal Unión. 350 ml.,140.00,,"[""Mezcal""]",cocteleria,,true,false,10,2026-02-09 19:27:48.850023+00,2026-02-09 19:27:48.850023+00
171,050671c2-f1e0-4455-b1cc-ed0774a3e0f4,Mezcal Ancho,Mezcal Unión. 350 ml.,140.00,,"[""Mezcal""]",cocteleria,,true,false,8,2026-02-09 19:27:48.850023+00,2026-02-09 19:27:48.850023+00
306,050671c2-f1e0-4455-b1cc-ed0774a3e0f4,Unión Joven 700 ml.,Mezcal Unión Joven.,120.00,,"[""Mezcal""]",bebidas,,true,false,126,2026-02-09 22:52:29.593508+00,2026-02-09 22:52:29.593508+00
77,050671c2-f1e0-4455-b1cc-ed0774a3e0f4,Atún Zarandeado,"Atún bañado en salsa de chiles y limón, acompañado de piña, puré y ensalada. (200 g.).",245.00,,"[""Nuestros Zarandeados""]",zarandeados,,true,false,4,2026-02-09 19:10:30.536428+00,2026-02-09 19:10:30.536428+00
74,050671c2-f1e0-4455-b1cc-ed0774a3e0f4,Camarones Zarandeados,Camarones bañados en salsa de chiles y limón. (500 g.).,350.00,,"[""Nuestros Zarandeados""]",zarandeados,,true,false,1,2026-02-09 19:10:30.536428+00,2026-02-09 19:10:30.536428+00
76,050671c2-f1e0-4455-b1cc-ed0774a3e0f4,Huachinango Zarandeado,Huachinango o pargo bañado en salsa de chiles y limón. (Precio variable por kg).,0.00,,"[""Nuestros Zarandeados""]",zarandeados,,true,false,3,2026-02-09 19:10:30.536428+00,2026-02-09 19:10:30.536428+00
73,050671c2-f1e0-4455-b1cc-ed0774a3e0f4,Pulpo Zarandeado,"Pulpo a la parrilla bañado en salsa de chile y limón, acompañado de piña, cebolla y aguacate. (500 g. en crudo).",470.00,,"[""Nuestros Zarandeados""]",zarandeados,,true,true,0,2026-02-09 19:10:30.536428+00,2026-02-09 19:10:30.536428+00
75,050671c2-f1e0-4455-b1cc-ed0774a3e0f4,Salmón Zarandeado,"Salmón bañado en salsa de chiles y limón, acompañado de piña, puré y ensalada. (300 g.).",385.00,,"[""Nuestros Zarandeados""]",zarandeados,,true,false,2,2026-02-09 19:10:30.536428+00,2026-02-09 19:10:30.536428+00
23,050671c2-f1e0-4455-b1cc-ed0774a3e0f4,Botana Don K,"Camarón y pulpo servidos en la mesa con un toque de limón, paprika, aceite de olivo, sal de grano y pimienta. 300 g. de camarón y 500 g. de pulpo en crudo.",1150.00,product-1770658356954-4p4l8qc-botanadonk.jpg,"[""Para Compartir""]",Para Compartir,,true,true,0,2026-02-09 16:52:00+00,2026-02-09 18:38:00.191989+00
24,050671c2-f1e0-4455-b1cc-ed0774a3e0f4,Chicharrón de Rib Eye,"Trozos de rib eye fritos marinados con una salsa especial, acompañado de guacamole, chiles toreados, salsa martajada y tortilla. (500 g.)",400.00,product-1770658529125-8ylyq07-chicharron_de_ribeye_aguacate.jpg,"[""Para Compartir""]",Para Compartir,,true,false,0,2026-02-09 16:53:00+00,2026-02-09 18:38:08.373205+00
26,050671c2-f1e0-4455-b1cc-ed0774a3e0f4,Empanadas Gobernador (3),"Fritas y rellenas de camarón, queso crema y pimientos, acompañadas con guacamole y cebolla morada curtida.",200.00,product-1770659626068-fu560rh-empanadasgobernador.jpg,"[""Para Compartir""]",Para Compartir,,true,false,0,2026-02-09 16:55:00+00,2026-02-09 18:38:21.710934+00
28,050671c2-f1e0-4455-b1cc-ed0774a3e0f4,K’Marorneros (6),"Chiles jalapeños escalfados rellenos de camarón y queso, empanizados y acompañados de un aderezo tártara.",200.00,product-1770660323790-x2twaff-kmaroneros.png,"[""Para Compartir""]",Para Compartir,,true,false,0,2026-02-09 18:02:14.533948+00,2026-02-09 18:38:35.116551+00
22,050671c2-f1e0-4455-b1cc-ed0774a3e0f4,Para Compartir - Pulpo Kukaracha,"Pulpo frito acompañado de papas cambray, con la tradicional salsa kukaracha. (500 g. en crudo)",470.00,product-1770658331882-5jutrgp-pulpokukaracha.jpg,"[""Para Compartir""]",Para Compartir,,true,false,0,2026-02-09 16:48:00+00,2026-02-09 18:37:53.698287+00
27,050671c2-f1e0-4455-b1cc-ed0774a3e0f4,Tacos de Lechón (3),"Lechón cocinado a baja temperatura confitado y rostizado en tortilla de maíz, cebolla morada, rábano y cilantro con guacamole para acompañar. (120 g.)",180.00,product-1770660287293-ibajzqa-tacoslechon.jpeg,"[""Para Compartir""]",Para Compartir,,true,false,0,2026-02-09 18:01:35.793895+00,2026-02-09 18:38:28.4808+00
25,050671c2-f1e0-4455-b1cc-ed0774a3e0f4,Tiradito de Atún,Láminas de atún curtido con limón bañado con salsas negras. (200 g.),235.00,product-1770658578421-4pc15iy-tiraditoatun.webp,"[""Para Compartir""]",Para Compartir,,true,false,0,2026-02-09 16:54:00+00,2026-02-09 18:38:15.305073+00
21,050671c2-f1e0-4455-b1cc-ed0774a3e0f4,Torre de Mariscos,"Camarón, pulpo y atún (100 g. de cada uno) acompañado de jitomate, pepino, cebolla morada y aguacate, coronado con camarones a la kukaracha y bañado con salsa macha.",630.00,product-1770658299072-9o4og1o-torremariscos.jpg,"[""Para Compartir""]",Para Compartir,,true,true,0,2026-02-09 16:47:00+00,2026-02-09 18:37:47.459651+00
42,050671c2-f1e0-4455-b1cc-ed0774a3e0f4,Filete a la Diabla,"Pescado blanco a la plancha, bañado en salsa diabla de la casa. (200 g.)",190.00,product-filete-diabla.webp,"[""Pescados""]",{pescados},,true,false,6,2026-02-09 18:41:10.072997+00,2026-02-09 18:42:33.752933+00
43,050671c2-f1e0-4455-b1cc-ed0774a3e0f4,Filete al Gusto,"Mantequilla, mojo de ajo, ajillo y plancha. (200 g.)",190.00,product-filete-gusto.webp,"[""Pescados""]",{pescados},,true,false,7,2026-02-09 18:41:10.072997+00,2026-02-09 18:42:37.387381+00
41,050671c2-f1e0-4455-b1cc-ed0774a3e0f4,Filete Empanizado,Pescado blanco empanizado. (200 g.),190.00,product-filete-empanizado.webp,"[""Pescados""]",{pescados},,true,false,5,2026-02-09 18:41:10.072997+00,2026-02-09 18:42:29.081093+00
44,050671c2-f1e0-4455-b1cc-ed0774a3e0f4,Huachinango,Pescado frito. (El peso será por kg.),0.00,product-huachinango.webp,"[""Pescados""]",{pescados},,true,false,8,2026-02-09 18:41:10.072997+00,2026-02-09 18:42:41.113927+00
40,050671c2-f1e0-4455-b1cc-ed0774a3e0f4,Madrazo,"Pescado blanco a la plancha, coronado con guisado de espinacas, jamón, tocino, queso y chile chipotle. (200 g.)",205.00,product-madrazo.webp,"[""Pescados""]",{pescados},,true,false,4,2026-02-09 18:41:10.072997+00,2026-02-09 18:42:24.861827+00
29,050671c2-f1e0-4455-b1cc-ed0774a3e0f4,Salmón al Grill,Salmón a las brasas. (300 g.),365.00,product-salmon-grill.webp,"[""Pescados""]",{pescados},,true,false,0,2026-02-09 18:19:11.51088+00,2026-02-09 18:42:16.123197+00
161,050671c2-f1e0-4455-b1cc-ed0774a3e0f4,Cheesecake Lotus,"Pay de queso con auténtica galleta Lotus Biscoff, bañado con mezcla de leches y acompañado de frutos rojos.",140.00,,"[""Postres""]",postres,,true,false,4,2026-02-09 19:26:22.946851+00,2026-02-09 19:26:22.946851+00
159,050671c2-f1e0-4455-b1cc-ed0774a3e0f4,Cheesecake Vasco,Cremoso pay de natilla sobre cama de galleta horneada y bañado con mermelada de frutos rojos. (200 g.),190.00,,"[""Postres""]",postres,,true,false,2,2026-02-09 19:26:22.946851+00,2026-02-09 19:26:22.946851+00
162,050671c2-f1e0-4455-b1cc-ed0774a3e0f4,Marisa Pastel 3 Leches,"Pan de vainilla con trozos de durazno, bañado con mezcla de 3 leches, frutos rojos y nuez.",140.00,,"[""Postres""]",postres,,true,false,5,2026-02-09 19:26:22.946851+00,2026-02-09 19:32:12.122522+00
163,050671c2-f1e0-4455-b1cc-ed0774a3e0f4,Marisa Red Velvet,"Pan red velvet con sabor a chocolate oscuro y betún de queso crema, coronado con fresa natural.",140.00,,"[""Postres""]",postres,,true,false,6,2026-02-09 19:26:22.946851+00,2026-02-09 19:32:32.39004+00
160,050671c2-f1e0-4455-b1cc-ed0774a3e0f4,Pan de Elote,"Recién horneado, sobre una cama de mermelada, frutos rojos, helado de vainilla, bañado con dulce de cajeta y nuez. (200 g.)",140.00,,"[""Postres""]",postres,,true,false,3,2026-02-09 19:26:22.946851+00,2026-02-09 19:26:22.946851+00
158,050671c2-f1e0-4455-b1cc-ed0774a3e0f4,Volcán,"Dulce de leche o chocolate. Con una textura única, firme por fuera y suave por dentro, acompañado de helado.",140.00,,"[""Postres""]",postres,,true,true,1,2026-02-09 19:26:22.946851+00,2026-02-09 19:26:22.946851+00
311,050671c2-f1e0-4455-b1cc-ed0774a3e0f4,Bacardi Carta Blanca 980 ml.,Ron Bacardi Carta Blanca.,100.00,,"[""Ron""]",bebidas,,true,false,131,2026-02-09 22:52:37.576656+00,2026-02-09 22:52:37.576656+00
309,050671c2-f1e0-4455-b1cc-ed0774a3e0f4,Bacardi Solera 750 ml.,Ron Bacardi Solera.,110.00,,"[""Ron""]",bebidas,,true,false,129,2026-02-09 22:52:37.576656+00,2026-02-09 22:52:37.576656+00
310,050671c2-f1e0-4455-b1cc-ed0774a3e0f4,Havana Club 7 Años 700 ml.,Ron Havana Club 7 años.,110.00,,"[""Ron""]",bebidas,,true,false,130,2026-02-09 22:52:37.576656+00,2026-02-09 22:52:37.576656+00
312,050671c2-f1e0-4455-b1cc-ed0774a3e0f4,Malibu 750 ml.,Ron Malibu.,100.00,,"[""Ron""]",bebidas,,true,false,132,2026-02-09 22:52:37.576656+00,2026-02-09 22:52:37.576656+00
308,050671c2-f1e0-4455-b1cc-ed0774a3e0f4,Zacapa 23 Años 750 ml.,Ron Zacapa 23 años.,270.00,,"[""Ron""]",bebidas,,true,false,128,2026-02-09 22:52:37.576656+00,2026-02-09 22:52:37.576656+00
13,050671c2-f1e0-4455-b1cc-ed0774a3e0f4,Camarón al Pastor,"Tortilla de maíz rellena de camarón, queso, con un poco de adobo, cocinado a la plancha y acompañado con salsa de pastor y piña curtida en limón (60 g.)",100.00,product-1770422162842-rta2msb-tacocamaronalpastor.jpg,"[""Tacos""]",Tacos,,true,false,0,2026-02-06 23:56:03.910498+00,2026-02-09 18:34:46.823495+00
14,050671c2-f1e0-4455-b1cc-ed0774a3e0f4,Dorado Marlin,"Relleno de marlín, acompañado con la proteína de su elección, curtido con limón, con salsa de chile serrano, adornado con pepino, cebolla morada y cilantro.",100.00,product-1770422355885-bad5p2j-tacodoradoaguachile.jpg,"[""Tacos""]",Tacos,,true,false,0,2026-02-06 23:59:16.842642+00,2026-02-09 18:34:53.979841+00
9,050671c2-f1e0-4455-b1cc-ed0774a3e0f4,Empanizadito Diabla,"Taco de camarón empanizado en tortilla de harina, queso, topping de salsa a la diabla y aderezo chipotle, adorno de col morada y aguacate. (60 g.)",95.00,product-1770405266668-31ofgq8-taco-empanizadito-diabla.jpg,"[""Tacos""]",Tacos,,true,false,0,2026-02-06 19:13:00.581831+00,2026-02-09 18:34:05.232355+00
10,050671c2-f1e0-4455-b1cc-ed0774a3e0f4,Empanizado Coco,"Taco de camarón empanizado al coco en tortilla de harina, queso, cebolla, topping de ensalada de col y zanahoria, bañado en salsa de mango con serrano.",95.00,product-1770405381565-nxl0j8a-tacoempanizadococo.jpg,"[""Tacos""]",Tacos,,true,false,0,2026-02-06 19:16:23.10845+00,2026-02-09 18:34:16.059634+00
8,050671c2-f1e0-4455-b1cc-ed0774a3e0f4,Gobernador,"Guisado de camarón especial de la casa, con pimientos y queso. (100 g.)",90.00,product-1770405089500-e4k5irh-tacogobernador.jpg,"[""Tacos""]",Tacos,,true,false,0,2026-02-06 19:11:30.950113+00,2026-02-09 18:33:52.422313+00
12,050671c2-f1e0-4455-b1cc-ed0774a3e0f4,Mamalón,"Taco de guiso mamalón (marlin, pulpo y camarón) en tortilla de harina, con costra de queso y topping de aderezo chipotle, adornado con aguacate, cebolla morada y cilantro.",125.00,product-1770422047366-upikc6y-tacomamalon.jpg,"[""Tacos""]",Tacos,,true,false,0,2026-02-06 23:54:08.777225+00,2026-02-09 18:34:35.578603+00
11,050671c2-f1e0-4455-b1cc-ed0774a3e0f4,Pulpo Kukaracha,Pulpo a la kukaracha en tortilla de harina con queso y aguacate. (60 g.),140.00,product-1770406985899-v6t6rfv-tacopulpokukaracha.jpg,"[""Tacos""]",Tacos,,true,false,0,2026-02-06 19:43:07.48033+00,2026-02-09 18:34:26.813956+00
165,050671c2-f1e0-4455-b1cc-ed0774a3e0f4,Temible,Tequila Don Julio. 300 ml.,150.00,,"[""Tequila""]",cocteleria,,true,false,2,2026-02-09 19:27:48.850023+00,2026-02-09 19:27:48.850023+00
164,050671c2-f1e0-4455-b1cc-ed0774a3e0f4,70 Pasiones,Tequila Don Julio. 300 ml.,200.00,,"[""Tequila"",""Coctelería""]",cocteleria,,true,false,1,2026-02-09 19:27:48.850023+00,2026-02-09 19:33:39.247242+00
283,050671c2-f1e0-4455-b1cc-ed0774a3e0f4,1800 Blanco – Botella 700 ml,Botella de tequila blanco 1800 (700 ml).,1200.00,,"[""Tequila Blanco""]",bebidas,,true,false,287,2026-02-09 22:46:36.256451+00,2026-02-09 22:46:36.256451+00
282,050671c2-f1e0-4455-b1cc-ed0774a3e0f4,1800 Blanco – Copa 60 ml,"Tequila blanco 1800, copa de 60 ml.",120.00,,"[""Tequila Blanco""]",bebidas,,true,false,286,2026-02-09 22:46:36.256451+00,2026-02-09 22:46:36.256451+00
287,050671c2-f1e0-4455-b1cc-ed0774a3e0f4,30-30 Blanco – Botella 700 ml,Botella de tequila blanco 30-30 (700 ml).,1100.00,,"[""Tequila Blanco""]",bebidas,,true,false,291,2026-02-09 22:46:36.256451+00,2026-02-09 22:46:36.256451+00
286,050671c2-f1e0-4455-b1cc-ed0774a3e0f4,30-30 Blanco – Copa 60 ml,"Tequila blanco 30-30, copa de 60 ml.",110.00,,"[""Tequila Blanco""]",bebidas,,true,false,290,2026-02-09 22:46:36.256451+00,2026-02-09 22:46:36.256451+00
285,050671c2-f1e0-4455-b1cc-ed0774a3e0f4,Centinela Blanco – Botella 750 ml,Botella de tequila blanco Centinela (750 ml).,1100.00,,"[""Tequila Blanco""]",bebidas,,true,false,289,2026-02-09 22:46:36.256451+00,2026-02-09 22:46:36.256451+00
284,050671c2-f1e0-4455-b1cc-ed0774a3e0f4,Centinela Blanco – Copa 60 ml,"Tequila blanco Centinela, copa de 60 ml.",110.00,,"[""Tequila Blanco""]",bebidas,,true,false,288,2026-02-09 22:46:36.256451+00,2026-02-09 22:46:36.256451+00
271,050671c2-f1e0-4455-b1cc-ed0774a3e0f4,Don Julio Blanco – Botella 700 ml,Botella de tequila blanco Don Julio (700 ml).,1700.00,,"[""Tequila Blanco""]",bebidas,,true,false,275,2026-02-09 22:46:36.256451+00,2026-02-09 22:46:36.256451+00
270,050671c2-f1e0-4455-b1cc-ed0774a3e0f4,Don Julio Blanco – Copa 60 ml,"Tequila blanco Don Julio, copa de 60 ml.",170.00,,"[""Tequila Blanco""]",bebidas,,true,false,274,2026-02-09 22:46:36.256451+00,2026-02-09 22:46:36.256451+00
275,050671c2-f1e0-4455-b1cc-ed0774a3e0f4,Herradura Blanco – Botella 700 ml,Botella de tequila blanco Herradura (700 ml).,1650.00,,"[""Tequila Blanco""]",bebidas,,true,false,279,2026-02-09 22:46:36.256451+00,2026-02-09 22:46:36.256451+00
274,050671c2-f1e0-4455-b1cc-ed0774a3e0f4,Herradura Blanco – Copa 60 ml,"Tequila blanco Herradura, copa de 60 ml.",165.00,,"[""Tequila Blanco""]",bebidas,,true,false,278,2026-02-09 22:46:36.256451+00,2026-02-09 22:46:36.256451+00
277,050671c2-f1e0-4455-b1cc-ed0774a3e0f4,Herradura Plata – Botella 950 ml,Botella de tequila blanco Herradura Plata (950 ml).,1300.00,,"[""Tequila Blanco""]",bebidas,,true,false,281,2026-02-09 22:46:36.256451+00,2026-02-09 22:46:36.256451+00
276,050671c2-f1e0-4455-b1cc-ed0774a3e0f4,Herradura Plata – Copa 60 ml,"Tequila blanco Herradura Plata, copa de 60 ml.",130.00,,"[""Tequila Blanco""]",bebidas,,true,false,280,2026-02-09 22:46:36.256451+00,2026-02-09 22:46:36.256451+00
279,050671c2-f1e0-4455-b1cc-ed0774a3e0f4,Ocho Blanco – Botella 750 ml,Botella de tequila blanco Ocho (750 ml).,1600.00,,"[""Tequila Blanco""]",bebidas,,true,false,283,2026-02-09 22:46:36.256451+00,2026-02-09 22:46:36.256451+00
278,050671c2-f1e0-4455-b1cc-ed0774a3e0f4,Ocho Blanco – Copa 60 ml,"Tequila blanco Ocho, copa de 60 ml.",160.00,,"[""Tequila Blanco""]",bebidas,,true,false,282,2026-02-09 22:46:36.256451+00,2026-02-09 22:46:36.256451+00
289,050671c2-f1e0-4455-b1cc-ed0774a3e0f4,Pueblo Viejo Blanco – Botella 700 ml,Botella de tequila blanco Pueblo Viejo (700 ml).,1000.00,,"[""Tequila Blanco""]",bebidas,,true,false,293,2026-02-09 22:46:36.256451+00,2026-02-09 22:46:36.256451+00
288,050671c2-f1e0-4455-b1cc-ed0774a3e0f4,Pueblo Viejo Blanco – Copa 60 ml,"Tequila blanco Pueblo Viejo, copa de 60 ml.",100.00,,"[""Tequila Blanco""]",bebidas,,true,false,292,2026-02-09 22:46:36.256451+00,2026-02-09 22:46:36.256451+00
281,050671c2-f1e0-4455-b1cc-ed0774a3e0f4,San Matías Gran Reserva Blanco – Botella 700 ml,Botella de tequila blanco San Matías Gran Reserva (700 ml).,1200.00,,"[""Tequila Blanco""]",bebidas,,true,false,285,2026-02-09 22:46:36.256451+00,2026-02-09 22:46:36.256451+00
280,050671c2-f1e0-4455-b1cc-ed0774a3e0f4,San Matías Gran Reserva Blanco – Copa 60 ml,"Tequila blanco San Matías Gran Reserva, copa de 60 ml.",120.00,,"[""Tequila Blanco""]",bebidas,,true,false,284,2026-02-09 22:46:36.256451+00,2026-02-09 22:46:36.256451+00
273,050671c2-f1e0-4455-b1cc-ed0774a3e0f4,Siete Leguas Blanco – Botella 750 ml,Botella de tequila blanco Siete Leguas (750 ml).,1750.00,,"[""Tequila Blanco""]",bebidas,,true,false,277,2026-02-09 22:46:36.256451+00,2026-02-09 22:46:36.256451+00
272,050671c2-f1e0-4455-b1cc-ed0774a3e0f4,Siete Leguas Blanco – Copa 60 ml,"Tequila blanco Siete Leguas, copa de 60 ml.",175.00,,"[""Tequila Blanco""]",bebidas,,true,false,276,2026-02-09 22:46:36.256451+00,2026-02-09 22:46:36.256451+00
293,050671c2-f1e0-4455-b1cc-ed0774a3e0f4,Tequileño Blanco – Botella 750 ml,Botella de tequila blanco Tequileño (750 ml).,1000.00,,"[""Tequila Blanco""]",bebidas,,true,false,297,2026-02-09 22:46:36.256451+00,2026-02-09 22:46:36.256451+00
292,050671c2-f1e0-4455-b1cc-ed0774a3e0f4,Tequileño Blanco – Copa 60 ml,"Tequila blanco Tequileño, copa de 60 ml.",100.00,,"[""Tequila Blanco""]",bebidas,,true,false,296,2026-02-09 22:46:36.256451+00,2026-02-09 22:46:36.256451+00
291,050671c2-f1e0-4455-b1cc-ed0774a3e0f4,Tequileño Platinum – Botella 750 ml,Botella de tequila blanco Tequileño Platinum (750 ml).,1300.00,,"[""Tequila Blanco""]",bebidas,,true,false,295,2026-02-09 22:46:36.256451+00,2026-02-09 22:46:36.256451+00
290,050671c2-f1e0-4455-b1cc-ed0774a3e0f4,Tequileño Platinum – Copa 60 ml,"Tequila blanco Tequileño Platinum, copa de 60 ml.",130.00,,"[""Tequila Blanco""]",bebidas,,true,false,294,2026-02-09 22:46:36.256451+00,2026-02-09 22:46:36.256451+00
253,050671c2-f1e0-4455-b1cc-ed0774a3e0f4,Clase Azul – Botella 750 ml,Botella de tequila premium Clase Azul (750 ml).,8500.00,,"[""Tequila Premium""]",bebidas,,true,false,203,2026-02-09 22:42:04.046199+00,2026-02-09 22:42:04.046199+00
252,050671c2-f1e0-4455-b1cc-ed0774a3e0f4,Clase Azul – Copa 60 ml,"Tequila premium Clase Azul, copa de 60 ml.",850.00,,"[""Tequila Premium""]",bebidas,,true,true,202,2026-02-09 22:42:04.046199+00,2026-02-09 22:42:04.046199+00
251,050671c2-f1e0-4455-b1cc-ed0774a3e0f4,Don Julio 1942 – Botella 750 ml,Botella de tequila premium Don Julio 1942 (750 ml).,9000.00,,"[""Tequila Premium""]",bebidas,,true,false,201,2026-02-09 22:42:04.046199+00,2026-02-09 22:42:04.046199+00
250,050671c2-f1e0-4455-b1cc-ed0774a3e0f4,Don Julio 1942 – Copa 60 ml,"Tequila premium Don Julio 1942, copa de 60 ml.",900.00,,"[""Tequila Premium""]",bebidas,,true,true,200,2026-02-09 22:42:04.046199+00,2026-02-09 22:42:04.046199+00
255,050671c2-f1e0-4455-b1cc-ed0774a3e0f4,Maestro Dobel 50 – Botella 750 ml,Botella de tequila premium Maestro Dobel 50 (750 ml).,7000.00,,"[""Tequila Premium""]",bebidas,,true,false,205,2026-02-09 22:42:04.046199+00,2026-02-09 22:42:04.046199+00
254,050671c2-f1e0-4455-b1cc-ed0774a3e0f4,Maestro Dobel 50 – Copa 60 ml,"Tequila premium Maestro Dobel 50, copa de 60 ml.",700.00,,"[""Tequila Premium""]",bebidas,,true,false,204,2026-02-09 22:42:04.046199+00,2026-02-09 22:42:04.046199+00
267,050671c2-f1e0-4455-b1cc-ed0774a3e0f4,1800 Reposado – Botella 700 ml,Botella de tequila reposado 1800 (700 ml).,1450.00,,"[""Tequila Reposado""]",bebidas,,true,false,271,2026-02-09 22:44:33.017294+00,2026-02-09 22:44:33.017294+00
266,050671c2-f1e0-4455-b1cc-ed0774a3e0f4,1800 Reposado – Copa 60 ml,"Tequila reposado 1800, copa de 60 ml.",145.00,,"[""Tequila Reposado""]",bebidas,,true,false,270,2026-02-09 22:44:33.017294+00,2026-02-09 22:44:33.017294+00
257,050671c2-f1e0-4455-b1cc-ed0774a3e0f4,Don Julio Reposado – Botella 700 ml,Botella de tequila reposado Don Julio (700 ml).,1800.00,,"[""Tequila Reposado""]",bebidas,,true,false,261,2026-02-09 22:44:33.017294+00,2026-02-09 22:44:33.017294+00
256,050671c2-f1e0-4455-b1cc-ed0774a3e0f4,Don Julio Reposado – Copa 60 ml,"Tequila reposado Don Julio, copa de 60 ml.",180.00,,"[""Tequila Reposado""]",bebidas,,true,false,260,2026-02-09 22:44:33.017294+00,2026-02-09 22:44:33.017294+00
261,050671c2-f1e0-4455-b1cc-ed0774a3e0f4,Herradura Reposado – Botella 700 ml,Botella de tequila reposado Herradura (700 ml).,1900.00,,"[""Tequila Reposado""]",bebidas,,true,false,265,2026-02-09 22:44:33.017294+00,2026-02-09 22:44:33.017294+00
260,050671c2-f1e0-4455-b1cc-ed0774a3e0f4,Herradura Reposado – Copa 60 ml,"Tequila reposado Herradura, copa de 60 ml.",190.00,,"[""Tequila Reposado""]",bebidas,,true,false,264,2026-02-09 22:44:33.017294+00,2026-02-09 22:44:33.017294+00
263,050671c2-f1e0-4455-b1cc-ed0774a3e0f4,Ocho Reposado – Botella 750 ml,Botella de tequila reposado Ocho (750 ml).,1750.00,,"[""Tequila Reposado""]",bebidas,,true,false,267,2026-02-09 22:44:33.017294+00,2026-02-09 22:44:33.017294+00
262,050671c2-f1e0-4455-b1cc-ed0774a3e0f4,Ocho Reposado – Copa 60 ml,"Tequila reposado Ocho, copa de 60 ml.",175.00,,"[""Tequila Reposado""]",bebidas,,true,false,266,2026-02-09 22:44:33.017294+00,2026-02-09 22:44:33.017294+00
259,050671c2-f1e0-4455-b1cc-ed0774a3e0f4,Siete Leguas Reposado – Botella 750 ml,Botella de tequila reposado Siete Leguas (750 ml).,2050.00,,"[""Tequila Reposado""]",bebidas,,true,false,263,2026-02-09 22:44:33.017294+00,2026-02-09 22:44:33.017294+00
258,050671c2-f1e0-4455-b1cc-ed0774a3e0f4,Siete Leguas Reposado – Copa 60 ml,"Tequila reposado Siete Leguas, copa de 60 ml.",205.00,,"[""Tequila Reposado""]",bebidas,,true,false,262,2026-02-09 22:44:33.017294+00,2026-02-09 22:44:33.017294+00
265,050671c2-f1e0-4455-b1cc-ed0774a3e0f4,Tapatío Reposado – Botella 1000 ml,Botella de tequila reposado Tapatío (1000 ml).,1700.00,,"[""Tequila Reposado""]",bebidas,,true,false,269,2026-02-09 22:44:33.017294+00,2026-02-09 22:44:33.017294+00
264,050671c2-f1e0-4455-b1cc-ed0774a3e0f4,Tapatío Reposado – Copa 60 ml,"Tequila reposado Tapatío, copa de 60 ml.",170.00,,"[""Tequila Reposado""]",bebidas,,true,false,268,2026-02-09 22:44:33.017294+00,2026-02-09 22:44:33.017294+00
269,050671c2-f1e0-4455-b1cc-ed0774a3e0f4,Tequila Tradicional Reposado – Botella 695 ml,Botella de tequila reposado Tradicional (695 ml).,1000.00,,"[""Tequila Reposado""]",bebidas,,true,false,273,2026-02-09 22:44:33.017294+00,2026-02-09 22:44:33.017294+00
268,050671c2-f1e0-4455-b1cc-ed0774a3e0f4,Tequila Tradicional Reposado – Copa 60 ml,"Tequila reposado Tradicional, copa de 60 ml.",100.00,,"[""Tequila Reposado""]",bebidas,,true,false,272,2026-02-09 22:44:33.017294+00,2026-02-09 22:44:33.017294+00
6,050671c2-f1e0-4455-b1cc-ed0774a3e0f4,Camarón Cocido,"Bañado en limón, sal y pimienta, con jitomate, pepino y aguacate. (100 g.)",110.00,product-1770396682337-05136yz-camaroncocido2.jpg,"[""Tostadas""]",Tostadas,,true,false,0,2026-02-06 16:51:24.630159+00,2026-02-06 19:44:58.107441+00
4,050671c2-f1e0-4455-b1cc-ed0774a3e0f4,Durito de Mariscos,"Combinación de mariscos (camarón curtido, camarón cocido y pulpo) bañado con salsa de chiles secos, montado en durito de harina. (100 g.)",125.00,product-1770396330142-911seni-duritomariscos.jpg,"[""Tostadas""]",Tostadas,,true,false,0,2026-02-06 16:45:31.903529+00,2026-02-06 19:44:52.887567+00
3,050671c2-f1e0-4455-b1cc-ed0774a3e0f4,La Doña,"Tostada de mariscos (camarón y atún curtido), bañada con vinagreta de chile morita y ajonjolí, coronada con aguacate.",125.00,product-1770395549220-bscjyx7-ladona.jpg,"[""Tostadas""]",Tostadas,,true,false,0,2026-02-06 16:32:30.906349+00,2026-02-06 19:44:50.159433+00
2,050671c2-f1e0-4455-b1cc-ed0774a3e0f4,La Prieta,"¡LA FAVORITA!, perfecta mezcla de mariscos (camarón, callo de almeja y pulpo) bañada en nuestra salsa rasurada especial. (100 g.)",130.00,product-1770395313253-abkvo93-laprieta.jpg,"[""Tostadas""]",Tostadas,,true,false,0,2026-02-06 16:28:34.948631+00,2026-02-06 19:44:47.374866+00
7,050671c2-f1e0-4455-b1cc-ed0774a3e0f4,Pulpo Cocido,"Curtido en limón, sal y pimienta, con jitomate, pepino y aguacate. (100 g.)",170.00,product-1770396794842-exb2tdv-pulpococido.webp,"[""Tostadas""]",Tostadas,,true,false,0,2026-02-06 16:53:16.929283+00,2026-02-06 19:45:00.817657+00
5,050671c2-f1e0-4455-b1cc-ed0774a3e0f4,Tostada de Aguachile,"Verde: Camarón curtido con limón en salsa de chile serrano. (60 g.)
Rojo: Camarón curtido con limón en salsa de chile de árbol montada con cecina. (60 g.)",115.00,product-1770396541084-r0tredg-tostada-de-aguachile.jpg,"[""Tostadas""]",Tostadas,,true,false,0,2026-02-06 16:49:03.987386+00,2026-02-06 19:44:55.503441+00
1,050671c2-f1e0-4455-b1cc-ed0774a3e0f4,Tostada de Atún,"Delicioso atún fresco curtido en limón, sobre tostada oriental, bañada con un poco de aderezo chipotle y adornada con poro. (100 g.)",110.00,product-1770394954006-8q8h9ld-tostadaatun.jpeg,"[""Tostadas""]",Tostadas,,true,false,0,2026-02-06 16:22:35.723146+00,2026-02-06 19:44:44.468761+00
198,050671c2-f1e0-4455-b1cc-ed0774a3e0f4,2V Casa Madero,Vino tinto. 750 ml.,840.00,,"[""Vino""]",vinos,,true,false,13,2026-02-09 22:22:19.984003+00,2026-02-09 22:22:19.984003+00
187,050671c2-f1e0-4455-b1cc-ed0774a3e0f4,3V Casa Madero,Vino tinto. 750 ml.,1150.00,,"[""Vino""]",vinos,,true,false,2,2026-02-09 22:19:42.109512+00,2026-02-09 22:19:42.109512+00
186,050671c2-f1e0-4455-b1cc-ed0774a3e0f4,3V Casa Madero Gran Reserva,Vino tinto. 750 ml.,2650.00,,"[""Vino""]",vinos,,true,false,1,2026-02-09 22:19:42.109512+00,2026-02-09 22:19:42.109512+00
194,050671c2-f1e0-4455-b1cc-ed0774a3e0f4,Casillero del Diablo Cabernet Sauvignon 375 ml.,Vino tinto. 375 ml.,360.00,,"[""Vino""]",vinos,,true,false,9,2026-02-09 22:19:42.109512+00,2026-02-09 22:19:42.109512+00
193,050671c2-f1e0-4455-b1cc-ed0774a3e0f4,Casillero del Diablo Cabernet Sauvignon 750 ml.,Vino tinto. 750 ml.,550.00,,"[""Vino""]",vinos,,true,false,8,2026-02-09 22:19:42.109512+00,2026-02-09 22:19:42.109512+00
195,050671c2-f1e0-4455-b1cc-ed0774a3e0f4,Casillero del Diablo Merlot,Vino tinto. 750 ml.,550.00,,"[""Vino""]",vinos,,true,false,10,2026-02-09 22:19:42.109512+00,2026-02-09 22:19:42.109512+00
210,050671c2-f1e0-4455-b1cc-ed0774a3e0f4,Chandon Brut 187 ml.,Vino espumoso. 187 ml.,300.00,,"[""Vino""]",vinos,,true,false,25,2026-02-09 22:24:07.690795+00,2026-02-09 22:24:07.690795+00
209,050671c2-f1e0-4455-b1cc-ed0774a3e0f4,Chandon Brut 750 ml.,Vino espumoso. 750 ml.,1050.00,,"[""Vino""]",vinos,,true,false,24,2026-02-09 22:24:07.690795+00,2026-02-09 22:24:07.690795+00
208,050671c2-f1e0-4455-b1cc-ed0774a3e0f4,Chandon Garden Spritz 187 ml.,Vino espumoso. 187 ml.,300.00,,"[""Vino""]",vinos,,true,false,23,2026-02-09 22:24:07.690795+00,2026-02-09 22:24:07.690795+00
207,050671c2-f1e0-4455-b1cc-ed0774a3e0f4,Chandon Garden Spritz 750 ml.,Vino espumoso. 750 ml.,1050.00,,"[""Vino""]",vinos,,true,false,22,2026-02-09 22:24:07.690795+00,2026-02-09 22:24:07.690795+00
204,050671c2-f1e0-4455-b1cc-ed0774a3e0f4,L.A. Cetto Blanc de Zinfandel 187 ml.,Vino rosado. 187 ml.,125.00,,"[""Vino""]",vinos,,true,false,19,2026-02-09 22:23:12.579904+00,2026-02-09 22:23:12.579904+00
203,050671c2-f1e0-4455-b1cc-ed0774a3e0f4,L.A. Cetto Blanc de Zinfandel 750 ml.,Vino rosado. 750 ml.,450.00,,"[""Vino""]",vinos,,true,false,18,2026-02-09 22:23:12.579904+00,2026-02-09 22:23:12.579904+00
199,050671c2-f1e0-4455-b1cc-ed0774a3e0f4,Las Nubes Kuiiy,Vino tinto. 750 ml.,710.00,,"[""Vino""]",vinos,,true,false,14,2026-02-09 22:22:19.984003+00,2026-02-09 22:22:19.984003+00
205,050671c2-f1e0-4455-b1cc-ed0774a3e0f4,Moët & Chandon Ice Impérial,Vino espumoso. 750 ml.,3800.00,,"[""Vino""]",vinos,,true,false,20,2026-02-09 22:24:07.690795+00,2026-02-09 22:24:07.690795+00
206,050671c2-f1e0-4455-b1cc-ed0774a3e0f4,Moët & Chandon Impérial Brut,Vino espumoso. 750 ml.,2900.00,,"[""Vino""]",vinos,,true,false,21,2026-02-09 22:24:07.690795+00,2026-02-09 22:24:07.690795+00
188,050671c2-f1e0-4455-b1cc-ed0774a3e0f4,Oveja Negra,Vino tinto. 750 ml.,615.00,,"[""Vino""]",vinos,,true,false,3,2026-02-09 22:19:42.109512+00,2026-02-09 22:19:42.109512+00
200,050671c2-f1e0-4455-b1cc-ed0774a3e0f4,Quattrocci,Vino tinto. 750 ml.,630.00,,"[""Vino""]",vinos,,true,false,15,2026-02-09 22:22:19.984003+00,2026-02-09 22:22:19.984003+00
190,050671c2-f1e0-4455-b1cc-ed0774a3e0f4,Riunite Lambrusco 187 ml.,Vino tinto espumoso. 187 ml.,130.00,,"[""Vino""]",vinos,,true,false,5,2026-02-09 22:19:42.109512+00,2026-02-09 22:19:42.109512+00
189,050671c2-f1e0-4455-b1cc-ed0774a3e0f4,Riunite Lambrusco 750 ml.,Vino tinto espumoso. 750 ml.,425.00,,"[""Vino""]",vinos,,true,false,4,2026-02-09 22:19:42.109512+00,2026-02-09 22:19:42.109512+00
192,050671c2-f1e0-4455-b1cc-ed0774a3e0f4,Sangre de Toro 187 ml.,Vino tinto. 187 ml.,180.00,,"[""Vino""]",vinos,,true,false,7,2026-02-09 22:19:42.109512+00,2026-02-09 22:19:42.109512+00
191,050671c2-f1e0-4455-b1cc-ed0774a3e0f4,Sangre de Toro 750 ml.,Vino tinto. 750 ml.,605.00,,"[""Vino""]",vinos,,true,false,6,2026-02-09 22:19:42.109512+00,2026-02-09 22:19:42.109512+00
197,050671c2-f1e0-4455-b1cc-ed0774a3e0f4,Santo Tomás 31.8,Vino tinto. 750 ml.,850.00,,"[""Vino""]",vinos,,true,false,12,2026-02-09 22:22:19.984003+00,2026-02-09 22:22:19.984003+00
202,050671c2-f1e0-4455-b1cc-ed0774a3e0f4,V Casa Madero,Vino tinto. 750 ml.,840.00,,"[""Vino""]",vinos,,true,false,17,2026-02-09 22:23:12.579904+00,2026-02-09 22:23:12.579904+00
196,050671c2-f1e0-4455-b1cc-ed0774a3e0f4,Winemakers Secret Barrels,Vino tinto. 187 ml.,130.00,,"[""Vino""]",vinos,,true,false,11,2026-02-09 22:19:42.109512+00,2026-02-09 22:19:42.109512+00
201,050671c2-f1e0-4455-b1cc-ed0774a3e0f4,XA 187 ml.,Vino tinto. 187 ml.,75.00,,"[""Vino""]",vinos,,true,false,16,2026-02-09 22:22:19.984003+00,2026-02-09 22:22:19.984003+00
305,050671c2-f1e0-4455-b1cc-ed0774a3e0f4,Absolut Regular – Botella 750 ml,Botella de vodka Absolut (750 ml).,1100.00,,"[""Vodka""]",bebidas,,true,false,309,2026-02-09 22:50:11.64983+00,2026-02-09 22:50:11.64983+00
304,050671c2-f1e0-4455-b1cc-ed0774a3e0f4,Absolut Regular – Copa 60 ml,"Vodka Absolut, copa de 60 ml.",110.00,,"[""Vodka""]",bebidas,,true,false,308,2026-02-09 22:50:11.64983+00,2026-02-09 22:50:11.64983+00
301,050671c2-f1e0-4455-b1cc-ed0774a3e0f4,Grey Goose – Botella 750 ml,Botella de vodka Grey Goose (750 ml).,1750.00,,"[""Vodka""]",bebidas,,true,false,305,2026-02-09 22:50:11.64983+00,2026-02-09 22:50:11.64983+00
300,050671c2-f1e0-4455-b1cc-ed0774a3e0f4,Grey Goose – Copa 60 ml,"Vodka Grey Goose, copa de 60 ml.",175.00,,"[""Vodka""]",bebidas,,true,false,304,2026-02-09 22:50:11.64983+00,2026-02-09 22:50:11.64983+00
177,050671c2-f1e0-4455-b1cc-ed0774a3e0f4,Pato Spicy,Vodka Smirnoff. 10 shots.,320.00,,"[""Vodka""]",cocteleria,,true,false,14,2026-02-09 19:27:48.850023+00,2026-02-09 19:27:48.850023+00
176,050671c2-f1e0-4455-b1cc-ed0774a3e0f4,Sandispicy,Vodka Smirnoff. 300 ml.,120.00,,"[""Vodka""]",cocteleria,,true,false,13,2026-02-09 19:27:48.850023+00,2026-02-09 19:27:48.850023+00
295,050671c2-f1e0-4455-b1cc-ed0774a3e0f4,Smirnoff – Botella 1000 ml,Botella de vodka Smirnoff (1000 ml).,1000.00,,"[""Vodka""]",bebidas,,true,false,299,2026-02-09 22:50:11.64983+00,2026-02-09 22:50:11.64983+00
294,050671c2-f1e0-4455-b1cc-ed0774a3e0f4,Smirnoff – Copa 60 ml,"Vodka Smirnoff, copa de 60 ml.",100.00,,"[""Vodka""]",bebidas,,true,false,298,2026-02-09 22:50:11.64983+00,2026-02-09 22:50:11.64983+00
299,050671c2-f1e0-4455-b1cc-ed0774a3e0f4,Smirnoff Electric Guava – Botella 750 ml,Botella de vodka Smirnoff Electric Guava (750 ml).,1100.00,,"[""Vodka""]",bebidas,,true,false,303,2026-02-09 22:50:11.64983+00,2026-02-09 22:50:11.64983+00
298,050671c2-f1e0-4455-b1cc-ed0774a3e0f4,Smirnoff Electric Guava – Copa 60 ml,"Vodka Smirnoff Electric Guava, copa de 60 ml.",110.00,,"[""Vodka""]",bebidas,,true,false,302,2026-02-09 22:50:11.64983+00,2026-02-09 22:50:11.64983+00
297,050671c2-f1e0-4455-b1cc-ed0774a3e0f4,Smirnoff Tamarindo – Botella 750 ml,Botella de vodka Smirnoff Tamarindo (750 ml).,1000.00,,"[""Vodka""]",bebidas,,true,false,301,2026-02-09 22:50:11.64983+00,2026-02-09 22:50:11.64983+00
296,050671c2-f1e0-4455-b1cc-ed0774a3e0f4,Smirnoff Tamarindo – Copa 60 ml,"Vodka Smirnoff Tamarindo, copa de 60 ml.",100.00,,"[""Vodka""]",bebidas,,true,false,300,2026-02-09 22:50:11.64983+00,2026-02-09 22:50:11.64983+00
303,050671c2-f1e0-4455-b1cc-ed0774a3e0f4,Stolichnaya – Botella 750 ml,Botella de vodka Stolichnaya (750 ml).,1100.00,,"[""Vodka""]",bebidas,,true,false,307,2026-02-09 22:50:11.64983+00,2026-02-09 22:50:11.64983+00
302,050671c2-f1e0-4455-b1cc-ed0774a3e0f4,Stolichnaya – Copa 60 ml,"Vodka Stolichnaya, copa de 60 ml.",110.00,,"[""Vodka""]",bebidas,,true,false,306,2026-02-09 22:50:11.64983+00,2026-02-09 22:50:11.64983+00
174,050671c2-f1e0-4455-b1cc-ed0774a3e0f4,Tamarindo Spicy,Vodka Smirnoff. 450 ml.,120.00,,"[""Vodka""]",cocteleria,,true,false,11,2026-02-09 19:27:48.850023+00,2026-02-09 19:27:48.850023+00
175,050671c2-f1e0-4455-b1cc-ed0774a3e0f4,Tropispacy,Vodka Smirnoff. 300 ml.,120.00,,"[""Vodka""]",cocteleria,,true,false,12,2026-02-09 19:27:48.850023+00,2026-02-09 19:27:48.850023+00
325,050671c2-f1e0-4455-b1cc-ed0774a3e0f4,Buchanan’s 12 750 ml.,Whisky Buchanan’s 12 años.,180.00,,"[""Whisky""]",bebidas,,true,false,145,2026-02-09 22:55:22.778331+00,2026-02-09 22:55:22.778331+00
323,050671c2-f1e0-4455-b1cc-ed0774a3e0f4,Buchanan’s 18 750 ml.,Whisky Buchanan’s 18 años.,460.00,,"[""Whisky""]",bebidas,,true,false,143,2026-02-09 22:55:22.778331+00,2026-02-09 22:55:22.778331+00
324,050671c2-f1e0-4455-b1cc-ed0774a3e0f4,Buchanan’s Pineapple 750 ml.,Whisky Buchanan’s Pineapple.,210.00,,"[""Whisky""]",bebidas,,true,false,144,2026-02-09 22:55:22.778331+00,2026-02-09 22:55:22.778331+00
328,050671c2-f1e0-4455-b1cc-ed0774a3e0f4,Chivas Regal 12 750 ml.,Whisky Chivas Regal 12 años.,160.00,,"[""Whisky""]",bebidas,,true,false,148,2026-02-09 22:55:22.778331+00,2026-02-09 22:55:22.778331+00
327,050671c2-f1e0-4455-b1cc-ed0774a3e0f4,Glenfiddich 12 750 ml.,Whisky Glenfiddich 12 años.,230.00,,"[""Whisky""]",bebidas,,true,false,147,2026-02-09 22:55:22.778331+00,2026-02-09 22:55:22.778331+00
329,050671c2-f1e0-4455-b1cc-ed0774a3e0f4,Glenmorangie 10 700 ml.,Whisky Glenmorangie 10 años.,155.00,,"[""Whisky""]",bebidas,,true,false,149,2026-02-09 22:55:22.778331+00,2026-02-09 22:55:22.778331+00
321,050671c2-f1e0-4455-b1cc-ed0774a3e0f4,J. Walker Black Label 750 ml.,Whisky Johnnie Walker Black Label.,220.00,,"[""Whisky""]",bebidas,,true,false,141,2026-02-09 22:55:22.778331+00,2026-02-09 22:55:22.778331+00
319,050671c2-f1e0-4455-b1cc-ed0774a3e0f4,J. Walker Black Ruby 700 ml.,Whisky Johnnie Walker Black Ruby.,280.00,,"[""Whisky""]",bebidas,,true,false,139,2026-02-09 22:55:22.778331+00,2026-02-09 22:55:22.778331+00
320,050671c2-f1e0-4455-b1cc-ed0774a3e0f4,J. Walker Double Black 750 ml.,Whisky Johnnie Walker Double Black.,260.00,,"[""Whisky""]",bebidas,,true,false,140,2026-02-09 22:55:22.778331+00,2026-02-09 22:55:22.778331+00
318,050671c2-f1e0-4455-b1cc-ed0774a3e0f4,J. Walker Green Label 700 ml.,Whisky Johnnie Walker Green Label.,450.00,,"[""Whisky""]",bebidas,,true,false,138,2026-02-09 22:55:22.778331+00,2026-02-09 22:55:22.778331+00
322,050671c2-f1e0-4455-b1cc-ed0774a3e0f4,J. Walker Red Label 700 ml.,Whisky Johnnie Walker Red Label.,110.00,,"[""Whisky""]",bebidas,,true,false,142,2026-02-09 22:55:22.778331+00,2026-02-09 22:55:22.778331+00
330,050671c2-f1e0-4455-b1cc-ed0774a3e0f4,Jack Daniel’s 700 ml.,Whisky Jack Daniel’s.,120.00,,"[""Whisky""]",bebidas,,true,false,150,2026-02-09 22:55:22.778331+00,2026-02-09 22:55:22.778331+00
332,050671c2-f1e0-4455-b1cc-ed0774a3e0f4,Jack Daniel’s Apple 700 ml.,Whisky Jack Daniel’s Apple.,120.00,,"[""Whisky""]",bebidas,,true,false,152,2026-02-09 22:55:22.778331+00,2026-02-09 22:55:22.778331+00
331,050671c2-f1e0-4455-b1cc-ed0774a3e0f4,Jack Daniel’s Honey 700 ml.,Whisky Jack Daniel’s Honey.,120.00,,"[""Whisky""]",bebidas,,true,false,151,2026-02-09 22:55:22.778331+00,2026-02-09 22:55:22.778331+00
326,050671c2-f1e0-4455-b1cc-ed0774a3e0f4,Macallan 12 Triple Cask 700 ml.,Whisky Macallan 12 años Triple Cask.,460.00,,"[""Whisky""]",bebidas,,true,false,146,2026-02-09 22:55:22.778331+00,2026-02-09 22:55:22.778331+00